# Edmundson et al. -- hydrocarbon column heights, 242 NCS discoveries.
# SOURCE (open, CC-BY 4.0): https://osf.io/6ysbv/  in project https://osf.io/953cy
#   preprint  EarthArXiv doi:10.31223/osf.io/zsakb
#   published AAPG Bulletin (2021) 105(12) 2381-2403, doi:10.1306/03122119223
# Unmodified except: columns renamed to snake_case, the three integer class-index
# columns dropped, and the two filled_to_spill flags added.
#
# TWO FLAGS, because the authors' own binning and a rule on trap_fill disagree on
# two rows. Both give 111/242, by coincidence rather than agreement:
#   trap_fill 0.896 (86.5 m in a 96.5 m trap, 1908 m burial) is binned "1" by the
#     authors -- that looks like a binning error, it is not filled to spill;
#   trap_fill 0.992 (496 m in a 500 m trap, 3992 m burial) is binned "76-99%" by the
#     authors, which is defensible but is filled to spill on any sane tolerance.
# `filled_to_spill_authors` reproduces their published matrix. `filled_to_spill_rule`
# is trap_fill >= 0.99 and is what the censoring analysis should use.
#
# READ BEFORE USING AS A PRE-DRILL PRIOR:
#   1. Discoveries only -- dry wells excluded by construction. This is
#      P(column | discovery), not P(column).
#   2. 111 of 242 rows are filled to spill. Those observe the TRAP, not the SEAL:
#      right-censored observations of seal capacity. See hcwc/core/censoring.py.
burial_depth_m,burial_depth_bin,hc_column_m,trap_height_m,trap_height_bin,trap_fill,trap_fill_bin,filled_to_spill_authors,filled_to_spill_rule
952,0-1500m,51.0,145.0,0-150m,0.35172413793103446,0-50%,0,0
1349,0-1500m,51.0,108.0,0-150m,0.4722222222222222,0-50%,0,0
1392,0-1500m,44.0,90.0,0-150m,0.4888888888888889,0-50%,0,0
2138,1501-3000m,23.0,150.0,0-150m,0.15333333333333332,0-50%,0,0
1961,1501-3000m,20.0,49.0,0-150m,0.40816326530612246,0-50%,0,0
2450,1501-3000m,46.0,100.0,0-150m,0.46,0-50%,0,0
2465,1501-3000m,59.0,127.0,0-150m,0.4645669291338583,0-50%,0,0
2490,1501-3000m,68.0,145.0,0-150m,0.4689655172413793,0-50%,0,0
3209,3000+m,38.0,77.0,0-150m,0.4935064935064935,0-50%,0,0
272,0-1500m,79.0,287.0,151-300m,0.27526132404181186,0-50%,0,0
199,0-1500m,76.0,154.0,151-300m,0.4935064935064935,0-50%,0,0
636,0-1500m,105.0,210.0,151-300m,0.5,0-50%,0,0
1951,1501-3000m,22.0,151.0,151-300m,0.1456953642384106,0-50%,0,0
2137,1501-3000m,40.0,190.0,151-300m,0.21052631578947367,0-50%,0,0
2153,1501-3000m,40.0,156.0,151-300m,0.2564102564102564,0-50%,0,0
1707,1501-3000m,81.0,244.0,151-300m,0.3319672131147541,0-50%,0,0
1967,1501-3000m,130.0,286.0,151-300m,0.45454545454545453,0-50%,0,0
2748,1501-3000m,147.0,298.0,151-300m,0.49328859060402686,0-50%,0,0
3139,3000+m,49.0,201.0,151-300m,0.24378109452736318,0-50%,0,0
1425,0-1500m,135.0,315.0,300+m,0.42857142857142855,0-50%,0,0
1424,0-1500m,142.0,315.0,300+m,0.4507936507936508,0-50%,0,0
2937,1501-3000m,39.0,307.0,300+m,0.1270358306188925,0-50%,0,0
2806,1501-3000m,77.0,320.0,300+m,0.240625,0-50%,0,0
1730,1501-3000m,202.0,622.0,300+m,0.3247588424437299,0-50%,0,0
2507,1501-3000m,187.0,565.0,300+m,0.3309734513274336,0-50%,0,0
2733,1501-3000m,135.0,369.0,300+m,0.36585365853658536,0-50%,0,0
2370,1501-3000m,267.0,702.0,300+m,0.3803418803418803,0-50%,0,0
1540,1501-3000m,267.0,601.0,300+m,0.4442595673876872,0-50%,0,0
3051,3000+m,181.0,484.0,300+m,0.3739669421487603,0-50%,0,0
3774,3000+m,204.0,457.0,300+m,0.44638949671772427,0-50%,0,0
3141,3000+m,186.0,392.0,300+m,0.4744897959183674,0-50%,0,0
216,0-1500m,59.0,114.0,0-150m,0.5175438596491229,51-75%,0,0
1099,0-1500m,30.0,57.0,0-150m,0.5263157894736842,51-75%,0,0
1498,0-1500m,72.0,107.0,0-150m,0.6728971962616822,51-75%,0,0
2375,1501-3000m,25.0,49.0,0-150m,0.5102040816326531,51-75%,0,0
2411,1501-3000m,40.0,77.0,0-150m,0.5194805194805194,51-75%,0,0
2315,1501-3000m,25.0,48.0,0-150m,0.5208333333333334,51-75%,0,0
1982,1501-3000m,26.0,49.0,0-150m,0.5306122448979592,51-75%,0,0
2442,1501-3000m,32.0,57.0,0-150m,0.5614035087719298,51-75%,0,0
2802,1501-3000m,31.0,55.0,0-150m,0.5636363636363636,51-75%,0,0
2872,1501-3000m,46.0,81.0,0-150m,0.5679012345679012,51-75%,0,0
1924,1501-3000m,82.0,135.0,0-150m,0.6074074074074074,51-75%,0,0
2483,1501-3000m,35.0,55.0,0-150m,0.6363636363636364,51-75%,0,0
1863,1501-3000m,75.0,112.0,0-150m,0.6696428571428571,51-75%,0,0
2234,1501-3000m,81.0,112.0,0-150m,0.7232142857142857,51-75%,0,0
1932,1501-3000m,42.0,58.0,0-150m,0.7241379310344828,51-75%,0,0
3048,3000+m,40.0,77.0,0-150m,0.5194805194805194,51-75%,0,0
3204,3000+m,87.0,131.0,0-150m,0.6641221374045801,51-75%,0,0
1281,0-1500m,89.0,153.0,151-300m,0.5816993464052288,51-75%,0,0
617,0-1500m,130.0,210.0,151-300m,0.6190476190476191,51-75%,0,0
835,0-1500m,149.0,217.0,151-300m,0.6866359447004609,51-75%,0,0
668,0-1500m,150.0,210.0,151-300m,0.7142857142857143,51-75%,0,0
816,0-1500m,182.0,250.0,151-300m,0.728,51-75%,0,0
1426,0-1500m,126.0,200.0,151-300m,0.63,51-75%,0,0
2906,1501-3000m,156.0,283.0,151-300m,0.5512367491166078,51-75%,0,0
2689,1501-3000m,156.0,271.0,151-300m,0.5756457564575646,51-75%,0,0
2026,1501-3000m,149.0,243.0,151-300m,0.6131687242798354,51-75%,0,0
2008,1501-3000m,113.0,184.0,151-300m,0.6141304347826086,51-75%,0,0
2156,1501-3000m,196.0,296.0,151-300m,0.6621621621621622,51-75%,0,0
2371,1501-3000m,124.0,180.0,151-300m,0.6888888888888889,51-75%,0,0
1633,1501-3000m,198.0,287.0,151-300m,0.6898954703832753,51-75%,0,0
1807,1501-3000m,159.0,228.0,151-300m,0.6973684210526315,51-75%,0,0
1601,1501-3000m,214.0,300.0,151-300m,0.7133333333333334,51-75%,0,0
2133,1501-3000m,160.0,218.0,151-300m,0.7339449541284404,51-75%,0,0
2005,1501-3000m,210.0,285.0,151-300m,0.7368421052631579,51-75%,0,0
1946,1501-3000m,150.30000000000018,256.0,151-300m,0.59,51-75%,0,0
1932,1501-3000m,153.0,256.0,151-300m,0.6,51-75%,0,0
3087,3000+m,168.0,276.0,151-300m,0.6086956521739131,51-75%,0,0
3171,3000+m,140.0,220.0,151-300m,0.6363636363636364,51-75%,0,0
3690,3000+m,133.0,204.0,151-300m,0.6519607843137255,51-75%,0,0
3079,3000+m,193.0,285.0,151-300m,0.6771929824561403,51-75%,0,0
3821,3000+m,137.0,189.0,151-300m,0.7248677248677249,51-75%,0,0
1295,0-1500m,256.0,390.0,300+m,0.6564102564102564,51-75%,0,0
2967,1501-3000m,328.0,643.0,300+m,0.5101088646967341,51-75%,0,0
1935,1501-3000m,236.0,414.0,300+m,0.5700483091787439,51-75%,0,0
1906,1501-3000m,178.0,305.0,300+m,0.5836065573770491,51-75%,0,0
1994,1501-3000m,420.0,715.0,300+m,0.5874125874125874,51-75%,0,0
1834,1501-3000m,252.0,420.0,300+m,0.6,51-75%,0,0
2666,1501-3000m,300.0,476.0,300+m,0.6302521008403361,51-75%,0,0
1828,1501-3000m,277.0,420.0,300+m,0.6595238095238095,51-75%,0,0
2023,1501-3000m,328.0,472.0,300+m,0.6949152542372882,51-75%,0,0
4095,3000+m,308.0,570.0,300+m,0.5403508771929825,51-75%,0,0
3257,3000+m,319.0,520.0,300+m,0.6134615384615385,51-75%,0,0
3819,3000+m,254.0,400.0,300+m,0.635,51-75%,0,0
3500,3000+m,371.0,575.0,300+m,0.6452173913043479,51-75%,0,0
4169,3000+m,418.0,634.0,300+m,0.6593059936908517,51-75%,0,0
3744,3000+m,212.0,302.0,300+m,0.7019867549668874,51-75%,0,0
3377,3000+m,368.0,500.0,300+m,0.736,51-75%,0,0
338,0-1500m,107.0,140.0,0-150m,0.7642857142857142,76-99%,0,0
1434,0-1500m,62.0,76.0,0-150m,0.8157894736842105,76-99%,0,0
676,0-1500m,87.0,100.0,0-150m,0.87,76-99%,0,0
1145,0-1500m,133.0,144.0,0-150m,0.9236111111111112,76-99%,0,0
2103,1501-3000m,92.0,121.0,0-150m,0.7603305785123967,76-99%,0,0
2491,1501-3000m,70.0,88.0,0-150m,0.7954545454545454,76-99%,0,0
2804,1501-3000m,44.0,54.0,0-150m,0.8148148148148148,76-99%,0,0
2443,1501-3000m,15.0,16.0,0-150m,0.9375,76-99%,0,0
2630,1501-3000m,121.0,129.0,0-150m,0.937984496124031,76-99%,0,0
3664,3000+m,65.0,75.0,0-150m,0.8666666666666667,76-99%,0,0
3277,3000+m,137.0,150.0,0-150m,0.9133333333333333,76-99%,0,0
3271,3000+m,72.0,76.0,0-150m,0.9473684210526315,76-99%,0,0
3560,3000+m,148.0,150.0,0-150m,0.9866666666666667,76-99%,0,0
1434,0-1500m,146.0,168.0,151-300m,0.8690476190476191,76-99%,0,0
1045,0-1500m,183.0,185.0,151-300m,0.9891891891891892,76-99%,0,0
1766,1501-3000m,224.0,285.0,151-300m,0.7859649122807018,76-99%,0,0
1751,1501-3000m,140.0,175.0,151-300m,0.8,76-99%,0,0
1763,1501-3000m,202.0,238.0,151-300m,0.8487394957983193,76-99%,0,0
1864,1501-3000m,256.0,295.0,151-300m,0.8677966101694915,76-99%,0,0
1735,1501-3000m,150.0,170.0,151-300m,0.8823529411764706,76-99%,0,0
2014,1501-3000m,222.0,238.0,151-300m,0.9327731092436975,76-99%,0,0
2292,1501-3000m,151.0,160.0,151-300m,0.94375,76-99%,0,0
2062,1501-3000m,171.0,180.0,151-300m,0.95,76-99%,0,0
2819,1501-3000m,220.0,230.0,151-300m,0.9565217391304348,76-99%,0,0
2027,1501-3000m,168.0,175.0,151-300m,0.96,76-99%,0,0
2330,1501-3000m,211.0,215.0,151-300m,0.9813953488372092,76-99%,0,0
2118,1501-3000m,189.0,191.0,151-300m,0.9895287958115183,76-99%,0,0
3020,3000+m,228.0,288.0,151-300m,0.7916666666666666,76-99%,0,0
3227,3000+m,160.0,195.0,151-300m,0.8205128205128205,76-99%,0,0
3214,3000+m,180.0,200.0,151-300m,0.9,76-99%,0,0
3197,3000+m,170.0,180.0,151-300m,0.9444444444444444,76-99%,0,0
2912,1501-3000m,238.0,312.0,300+m,0.7628205128205128,76-99%,0,0
1614,1501-3000m,405.0,517.0,300+m,0.7833655705996132,76-99%,0,0
2088,1501-3000m,273.0,333.0,300+m,0.8198198198198198,76-99%,0,0
1688,1501-3000m,296.0,360.0,300+m,0.8222222222222222,76-99%,0,0
2905,1501-3000m,363.0,437.0,300+m,0.8306636155606407,76-99%,0,0
2806,1501-3000m,358.0,430.0,300+m,0.8325581395348837,76-99%,0,0
4385,3000+m,452.0,592.0,300+m,0.7635135135135135,76-99%,0,0
3114,3000+m,301.0,360.0,300+m,0.8361111111111111,76-99%,0,0
3059,3000+m,306.0,354.0,300+m,0.864406779661017,76-99%,0,0
3011,3000+m,336.0,376.0,300+m,0.8936170212765957,76-99%,0,0
3377,3000+m,315.0,350.0,300+m,0.9,76-99%,0,0
3992,3000+m,496.0,500.0,300+m,0.992,76-99%,0,1
1278,0-1500m,18.0,18.0,0-150m,1.0,1,1,1
1455,0-1500m,23.0,23.0,0-150m,1.0,1,1,1
1497,0-1500m,29.0,29.0,0-150m,1.0,1,1,1
1169,0-1500m,38.0,38.0,0-150m,1.0,1,1,1
1281,0-1500m,40.0,40.0,0-150m,1.0,1,1,1
1342,0-1500m,45.0,45.0,0-150m,1.0,1,1,1
1130,0-1500m,62.0,62.0,0-150m,1.0,1,1,1
1063,0-1500m,69.0,69.0,0-150m,1.0,1,1,1
1328,0-1500m,81.0,81.0,0-150m,1.0,1,1,1
1123,0-1500m,128.0,128.0,0-150m,1.0,1,1,1
1451,0-1500m,140.0,140.0,0-150m,1.0,1,1,1
534,0-1500m,130.0,130.0,0-150m,1.0,1,1,1
1401,0-1500m,67.0,67.0,0-150m,1.0,1,1,1
2303,1501-3000m,16.0,16.0,0-150m,1.0,1,1,1
2909,1501-3000m,18.0,18.0,0-150m,1.0,1,1,1
2408,1501-3000m,25.0,25.0,0-150m,1.0,1,1,1
2925,1501-3000m,26.0,26.0,0-150m,1.0,1,1,1
2715,1501-3000m,30.0,30.0,0-150m,1.0,1,1,1
2725,1501-3000m,40.0,40.0,0-150m,1.0,1,1,1
1693,1501-3000m,52.0,52.0,0-150m,1.0,1,1,1
2385,1501-3000m,55.0,55.0,0-150m,1.0,1,1,1
2696,1501-3000m,55.0,55.0,0-150m,1.0,1,1,1
1985,1501-3000m,60.0,60.0,0-150m,1.0,1,1,1
2596,1501-3000m,63.0,63.0,0-150m,1.0,1,1,1
2283,1501-3000m,64.0,64.0,0-150m,1.0,1,1,1
1515,1501-3000m,66.0,66.0,0-150m,1.0,1,1,1
2269,1501-3000m,70.0,70.0,0-150m,1.0,1,1,1
1994,1501-3000m,71.0,71.0,0-150m,1.0,1,1,1
1798,1501-3000m,80.0,80.0,0-150m,1.0,1,1,1
1814,1501-3000m,80.0,80.0,0-150m,1.0,1,1,1
1814,1501-3000m,80.0,80.0,0-150m,1.0,1,1,1
1855,1501-3000m,85.0,85.0,0-150m,1.0,1,1,1
1593,1501-3000m,86.0,86.0,0-150m,1.0,1,1,1
1545,1501-3000m,88.0,88.0,0-150m,1.0,1,1,1
2091,1501-3000m,98.0,98.0,0-150m,1.0,1,1,1
1987,1501-3000m,102.0,102.0,0-150m,1.0,1,1,1
2219,1501-3000m,112.0,112.0,0-150m,1.0,1,1,1
2283,1501-3000m,124.0,124.0,0-150m,1.0,1,1,1
1747,1501-3000m,128.0,128.0,0-150m,1.0,1,1,1
2060,1501-3000m,150.0,150.0,0-150m,1.0,1,1,1
2623,1501-3000m,150.0,150.0,0-150m,1.0,1,1,1
2799,1501-3000m,42.0,42.0,0-150m,1.0,1,1,1
1908,1501-3000m,86.5,96.5,0-150m,0.8963730569948186,1,1,0
2519,1501-3000m,77.0,77.0,0-150m,1.0,1,1,1
2437,1501-3000m,173.0,173.0,0-150m,1.0,1,1,1
2057,1501-3000m,257.0,257.0,0-150m,1.0,1,1,1
3535,3000+m,14.0,14.0,0-150m,1.0,1,1,1
4298,3000+m,18.0,18.0,0-150m,1.0,1,1,1
3751,3000+m,24.0,24.0,0-150m,1.0,1,1,1
3071,3000+m,25.0,25.0,0-150m,1.0,1,1,1
4349,3000+m,40.0,40.0,0-150m,1.0,1,1,1
4515,3000+m,43.0,43.0,0-150m,1.0,1,1,1
3976,3000+m,46.0,46.0,0-150m,1.0,1,1,1
3643,3000+m,63.0,63.0,0-150m,1.0,1,1,1
3824,3000+m,69.0,69.0,0-150m,1.0,1,1,1
3080,3000+m,70.0,70.0,0-150m,1.0,1,1,1
3145,3000+m,70.0,70.0,0-150m,1.0,1,1,1
3218,3000+m,73.0,73.0,0-150m,1.0,1,1,1
3839,3000+m,95.0,95.0,0-150m,1.0,1,1,1
4299,3000+m,107.0,107.0,0-150m,1.0,1,1,1
4022,3000+m,116.0,116.0,0-150m,1.0,1,1,1
3599,3000+m,141.0,141.0,0-150m,1.0,1,1,1
3810,3000+m,146.0,146.0,0-150m,1.0,1,1,1
3382,3000+m,84.0,84.0,0-150m,1.0,1,1,1
3161,3000+m,163.0,163.0,0-150m,1.0,1,1,1
3602,3000+m,280.0,280.0,0-150m,1.0,1,1,1
752,0-1500m,167.0,167.0,151-300m,1.0,1,1,1
1852,1501-3000m,151.0,151.0,151-300m,1.0,1,1,1
2238,1501-3000m,171.0,171.0,151-300m,1.0,1,1,1
2066,1501-3000m,174.0,174.0,151-300m,1.0,1,1,1
2141,1501-3000m,176.0,176.0,151-300m,1.0,1,1,1
2330,1501-3000m,192.0,192.0,151-300m,1.0,1,1,1
2533,1501-3000m,200.0,200.0,151-300m,1.0,1,1,1
1991,1501-3000m,205.0,205.0,151-300m,1.0,1,1,1
2131,1501-3000m,207.0,207.0,151-300m,1.0,1,1,1
1998,1501-3000m,208.0,208.0,151-300m,1.0,1,1,1
2694,1501-3000m,214.0,214.0,151-300m,1.0,1,1,1
1651,1501-3000m,227.0,227.0,151-300m,1.0,1,1,1
2926,1501-3000m,230.0,230.0,151-300m,1.0,1,1,1
2036,1501-3000m,251.0,251.0,151-300m,1.0,1,1,1
1989,1501-3000m,288.0,288.0,151-300m,1.0,1,1,1
1814,1501-3000m,292.0,292.0,151-300m,1.0,1,1,1
2456,1501-3000m,296.0,296.0,151-300m,1.0,1,1,1
1697,1501-3000m,278.0,278.0,151-300m,1.0,1,1,1
1846,1501-3000m,188.0,188.0,151-300m,1.0,1,1,1
1548,1501-3000m,245.0,245.0,151-300m,1.0,1,1,1
2756,1501-3000m,361.0,361.0,151-300m,1.0,1,1,1
2097,1501-3000m,285.0,285.0,151-300m,1.0,1,1,1
1953,1501-3000m,260.0,260.0,151-300m,1.0,1,1,1
2905,1501-3000m,297.0,297.0,151-300m,1.0,1,1,1
2695,1501-3000m,240.0,240.0,151-300m,1.0,1,1,1
4582,3000+m,175.0,175.0,151-300m,1.0,1,1,1
3771,3000+m,177.0,177.0,151-300m,1.0,1,1,1
3397,3000+m,180.0,180.0,151-300m,1.0,1,1,1
3489,3000+m,192.0,192.0,151-300m,1.0,1,1,1
4142,3000+m,215.0,215.0,151-300m,1.0,1,1,1
4173,3000+m,227.0,227.0,151-300m,1.0,1,1,1
4203,3000+m,238.0,238.0,151-300m,1.0,1,1,1
3055,3000+m,199.0,199.0,151-300m,1.0,1,1,1
3220,3000+m,214.0,214.0,151-300m,1.0,1,1,1
3054,3000+m,274.0,274.0,151-300m,1.0,1,1,1
1709,1501-3000m,413.0,413.0,300+m,1.0,1,1,1
2904,1501-3000m,403.0,403.0,300+m,1.0,1,1,1
4494,3000+m,306.0,306.0,300+m,1.0,1,1,1
3834,3000+m,371.0,371.0,300+m,1.0,1,1,1
3957,3000+m,499.0,499.0,300+m,1.0,1,1,1
4566,3000+m,500.0,500.0,300+m,1.0,1,1,1
4372,3000+m,514.0,514.0,300+m,1.0,1,1,1
4416,3000+m,530.0,530.0,300+m,1.0,1,1,1
3892,3000+m,564.0,564.0,300+m,1.0,1,1,1
3776,3000+m,680.0,680.0,300+m,1.0,1,1,1
