# Area-depth table for the reference prospect: depth (m TVDSS), top and base area (km2),
# with cumulative gross rock volume (1e6 m3) precomputed for testing.
# Top and base area in km2, depth in m TVDSS. The apex row has zero area by construction.
depth_m,top_area_km2,base_area_km2,grv_1e6m3_cached
2040,0.0,0.0,0.0
2050,0.06149313,0.0,0.30746565
2060,0.743428415,0.0,4.332073375
2070,1.3142706499999999,0.0,14.6205687
2080,1.917695765,0.0,30.780400775
2090,2.581499555,0.0,53.276377374999996
2100,3.357041565,0.06149313,82.66161732500001
2110,4.2474792599999995,0.743428415,116.65961372500001
2120,5.178613535,1.3142706499999999,153.501582375
2130,6.122726924999999,1.917695765,193.8484526
2140,7.07979995,2.581499555,237.36511037499997
2150,8.04906025,3.357041565,283.31670577499995
2160,9.028724460000001,4.2474792599999995,330.6830252
2170,10.02516695,5.178613535,378.82201827499995
2180,11.032652695,6.122726924999999,427.60441419999995
2190,12.093760605,7.07979995,477.223846325
2200,13.246148265,8.04906025,528.2790896749999
2210,14.32668123,9.028724460000001,580.7543135999999
2220,15.41667629,10.02516695,634.2016441499999
2230,16.611701144999998,11.032652695,689.0544330999999
2240,17.850338895,12.093760605,745.7325667999999
2250,19.016791855,13.246148265,803.3686761999999
2260,20.11461198,14.32668123,861.1615479
2270,21.1684545,15.41667629,918.8600926999999
2280,22.184023445,16.611701144999998,975.4805952499999
2290,23.133524745000003,17.850338895,1029.758136
2300,24.060788625,19.016791855,1081.3940490999998
2310,24.951797114999998,20.11461198,1130.799958625
2320,25.7778064,21.1684545,1178.0326438000002
2330,26.55293472,22.184023445,1222.9239596750003
2340,27.3037083,23.133524745000003,1265.6194338250002
2350,28.04968615,24.060788625,1306.4148392250002
2360,28.811305035,24.951797114999998,1345.6568664500003
2370,29.611830565,25.7778064,1384.1245268750004
2380,30.47923043,26.55293472,1422.9261262500004
2390,31.46059753,27.3037083,1463.3420509500004
2400,32.624375,28.04968615,1506.9999413500004
